,color,director_name,num_critic_for_reviews,duration,director_facebook_likes,actor_3_facebook_likes,actor_2_name,actor_1_facebook_likes,gross,genres,actor_1_name,movie_title,num_voted_users,cast_total_facebook_likes,actor_3_name,facenumber_in_poster,plot_keywords,movie_imdb_link,num_user_for_reviews,language,country,content_rating,budget,title_year,actor_2_facebook_likes,imdb_score,aspect_ratio,movie_facebook_likes,Net,Status
11,Color,Bryan Singer,434.0,169.0,0.0,903.0,Marlon Brando,18000.0,200069408.0,Action|Adventure|Sci-Fi,Kevin Spacey,Superman Returns ,240396,29991,Frank Langella,0.0,crystal|epic|lex luthor|lois lane|return to earth,http://www.imdb.com/title/tt0348150/?ref_=fn_tt_tt_1,2367.0,English,USA,PG-13,209000000.0,2006.0,10000.0,6.1,2.35,0,-8930592.0,Negative
13,Color,Gore Verbinski,313.0,151.0,563.0,1000.0,Orlando Bloom,40000.0,423032628.0,Action|Adventure|Fantasy,Johnny Depp,Pirates of the Caribbean: Dead Man's Chest ,522040,48486,Jack Davenport,2.0,box office hit|giant squid|heart|liar's dice|monster,http://www.imdb.com/title/tt0383574/?ref_=fn_tt_tt_1,1832.0,English,USA,PG-13,225000000.0,2006.0,5000.0,7.3,2.35,5000,198032628.0,Positive
34,Color,Brett Ratner,334.0,104.0,420.0,560.0,Kelsey Grammer,20000.0,234360014.0,Action|Adventure|Fantasy|Sci-Fi|Thriller,Hugh Jackman,X-Men: The Last Stand ,383427,21714,Daniel Cudmore,0.0,battle|mutant|outrage|walking through a wall|x men,http://www.imdb.com/title/tt0376994/?ref_=fn_tt_tt_1,1912.0,English,Canada,PG-13,210000000.0,2006.0,808.0,6.8,2.35,0,24360014.0,Positive
105,Color,Wolfgang Petersen,231.0,98.0,249.0,702.0,Mike Vogel,87000.0,60655503.0,Action|Adventure|Drama|Thriller,Jimmy Bennett,Poseidon ,82380,92456,Andre Braugher,0.0,cruise|escape|ocean|passenger|water,http://www.imdb.com/title/tt0409182/?ref_=fn_tt_tt_1,629.0,English,USA,PG-13,160000000.0,2006.0,2000.0,5.6,2.35,0,-99344497.0,Negative
141,Color,J.J. Abrams,310.0,124.0,14000.0,979.0,Tom Cruise,22000.0,133382309.0,Action|Adventure|Thriller,Philip Seymour Hoffman,Mission: Impossible III ,256695,34817,Eddie Marsan,0.0,arms dealer|fictional government agency|mission|rescue|vatican,http://www.imdb.com/title/tt0317919/?ref_=fn_tt_tt_1,871.0,English,USA,PG-13,150000000.0,2006.0,10000.0,6.9,2.35,0,-16617691.0,Negative
144,Color,David Bowers,135.0,85.0,42.0,586.0,Kate Winslet,20000.0,64459316.0,Adventure|Animation|Comedy|Family,Hugh Jackman,Flushed Away ,85086,35161,David Suchet,0.0,boat|frog|rat|sewer|toad,http://www.imdb.com/title/tt0424095/?ref_=fn_tt_tt_1,122.0,English,UK,PG,149000000.0,2006.0,14000.0,6.7,1.85,0,-84540684.0,Negative
208,Color,Ron Howard,294.0,174.0,2000.0,362.0,Seth Gabel,15000.0,217536138.0,Mystery|Thriller,Tom Hanks,The Da Vinci Code ,314253,16008,Jürgen Prochnow,2.0,based on supposedly true story|holy grail|mary magdalene|opus dei|secret,http://www.imdb.com/title/tt0382625/?ref_=fn_tt_tt_1,1966.0,English,USA,PG-13,125000000.0,2006.0,574.0,6.6,2.35,0,92536138.0,Positive
250,Color,Shawn Levy,179.0,108.0,189.0,1000.0,Rami Malek,49000.0,250863268.0,Action|Adventure|Comedy|Family|Fantasy,Robin Williams,Night at the Museum ,234480,55486,Steve Coogan,2.0,chaos|museum|museum of natural history|night watchman|watchman,http://www.imdb.com/title/tt0477347/?ref_=fn_tt_tt_1,444.0,English,USA,PG,110000000.0,2006.0,3000.0,6.4,1.85,3000,140863268.0,Positive
286, Black and White,Martin Campbell,400.0,144.0,258.0,834.0,Tobias Menzies,6000.0,167007184.0,Action|Adventure|Thriller,Eva Green,Casino Royale ,470483,9125,Ivana Milicevic,1.0,casino|espionage|free running|james bond|terrorist,http://www.imdb.com/title/tt0381061/?ref_=fn_tt_tt_1,2301.0,English,UK,PG-13,150000000.0,2006.0,1000.0,8.0,2.35,0,17007184.0,Positive
301, Black and White,Stefen Fangmeier,170.0,104.0,14.0,203.0,Ed Speleers,3000.0,75030163.0,Action|Adventure|Family|Fantasy,Djimon Hounsou,Eragon ,108076,4487,Gary Lewis,0.0,dragon|dragon rider|fictional war|sword and fantasy|teenage hero,http://www.imdb.com/title/tt0449010/?ref_=fn_tt_tt_1,1690.0,English,USA,PG,100000000.0,2006.0,762.0,5.1,2.35,0,-24969837.0,Negative
307,Color,Edward Zwick,166.0,143.0,380.0,452.0,Djimon Hounsou,29000.0,57366262.0,Adventure|Drama|Thriller,Leonardo DiCaprio,Blood Diamond ,400292,33160,Stephen Collins,0.0,diamond|elephant|fisherman|rebel|sierra leone,http://www.imdb.com/title/tt0450259/?ref_=fn_tt_tt_1,657.0,English,Germany,R,100000000.0,2006.0,3000.0,8.0,2.35,14000,-42633738.0,Negative
361,Color,Martin Scorsese,352.0,151.0,17000.0,1000.0,Matt Damon,29000.0,132373442.0,Crime|Drama|Thriller,Leonardo DiCaprio,The Departed ,873649,45648,Ray Winstone,0.0,boston|mole|police|undercover|undercover cop,http://www.imdb.com/title/tt0407887/?ref_=fn_tt_tt_1,2054.0,English,USA,R,90000000.0,2006.0,13000.0,8.5,2.35,29000,42373442.0,Positive
397,Color,George Miller,206.0,108.0,750.0,971.0,Hugh Jackman,49000.0,197992827.0,Animation|Comedy|Family|Music|Romance,Robin Williams,Happy Feet ,132501,70996,Elizabeth Daily,0.0,dance|emperor penguin|friend|penguin|song,http://www.imdb.com/title/tt0366548/?ref_=fn_tt_tt_1,548.0,English,USA,PG,100000000.0,2006.0,20000.0,6.5,2.35,0,97992827.0,Positive
408,Color,Nancy Meyers,157.0,138.0,278.0,213.0,Rufus Sewell,14000.0,63224849.0,Comedy|Romance,Kate Winslet,The Holiday ,182757,17423,Sarah Parish,3.0,book|composer|house|love|self esteem,http://www.imdb.com/title/tt0457939/?ref_=fn_tt_tt_1,483.0,English,USA,PG-13,85000000.0,2006.0,3000.0,6.9,1.85,19000,-21775151.0,Negative
412,Color,Roger Allers,107.0,83.0,28.0,624.0,Debra Messing,4000.0,84303558.0,Adventure|Animation|Comedy|Family,Jon Favreau,Open Season ,65270,6081,Jane Krakowski,1.0,bear|deer|forest|grizzly bear|hunter,http://www.imdb.com/title/tt0400717/?ref_=fn_tt_tt_1,100.0,English,USA,PG,85000000.0,2006.0,650.0,6.2,1.85,863,-696442.0,Negative
418,Color,Justin Lin,158.0,104.0,681.0,159.0,Zachery Ty Bryan,584.0,62494975.0,Action|Crime|Thriller,Amber Stevens West,The Fast and the Furious: Tokyo Drift ,179500,1235,Nikki Griffin,5.0,car|challenge|drift racing|drifting|tokyo japan,http://www.imdb.com/title/tt0463985/?ref_=fn_tt_tt_1,378.0,English,USA,PG-13,85000000.0,2006.0,227.0,6.0,2.35,0,-22505025.0,Negative
429,Color,Frank Coraci,173.0,107.0,153.0,233.0,Cameron Monaghan,11000.0,137340146.0,Comedy|Drama|Fantasy|Romance,Adam Sandler,Click ,246492,12700,Julie Kavner,1.0,architect|frozen time|obese man|remote control|stopped time,http://www.imdb.com/title/tt0389860/?ref_=fn_tt_tt_1,685.0,English,USA,PG-13,70000000.0,2006.0,1000.0,6.4,1.85,7000,67340146.0,Positive
442,Color,Tim Johnson,166.0,83.0,12.0,925.0,Steve Carell,13000.0,155019340.0,Adventure|Animation|Comedy|Family,Bruce Willis,Over the Hedge ,127345,22813,Catherine O'Hara,1.0,bear|food|forest|raccoon|turtle,http://www.imdb.com/title/tt0327084/?ref_=fn_tt_tt_1,250.0,English,USA,PG,80000000.0,2006.0,7000.0,6.8,1.85,0,75019340.0,Positive
467,Color,Shawn Levy,147.0,93.0,189.0,38.0,Henry Czerny,1000.0,82226474.0,Adventure|Comedy|Crime|Family|Mystery,Roger Rees,The Pink Panther ,65499,1267,William Abadie,0.0,diamond|france|investigation|pink panther|soccer,http://www.imdb.com/title/tt0383216/?ref_=fn_tt_tt_1,424.0,English,USA,PG,65000000.0,2006.0,177.0,5.6,1.85,0,17226474.0,Positive
503,Color,Luc Besson,101.0,94.0,0.0,14.0,Adam LeFevre,563.0,15131330.0,Adventure|Animation|Family|Fantasy,Mia Farrow,Arthur and the Invisibles ,25843,683,Penny Balfour,0.0,boy|debt|garden|princess|treasure,http://www.imdb.com/title/tt0344854/?ref_=fn_tt_tt_1,64.0,English,France,PG,86000000.0,2006.0,80.0,6.0,2.35,941,-70868670.0,Negative
525,Color,Alfonso Cuarón,372.0,109.0,0.0,18.0,Danny Huston,16000.0,35286428.0,Drama|Sci-Fi|Thriller,Charlie Hunnam,Children of Men ,361767,16479,Rita Davies,0.0,chaos|england|long take|survival|violence,http://www.imdb.com/title/tt0206634/?ref_=fn_tt_tt_1,1206.0,English,USA,R,76000000.0,2006.0,430.0,7.9,1.85,17000,-40713572.0,Negative
529,Color,Carlos Saldanha,164.0,115.0,107.0,241.0,Ray Romano,835.0,195329763.0,Action|Adventure|Animation|Comedy|Family|Fantasy,Denis Leary,Ice Age: The Meltdown ,194249,1815,Jay Leno,0.0,flood|mammoth|no opening credits|squirrel|valley,http://www.imdb.com/title/tt0438097/?ref_=fn_tt_tt_1,253.0,English,USA,PG,80000000.0,2006.0,590.0,6.9,1.85,0,115329763.0,Positive
542,Color,Bill Condon,241.0,130.0,386.0,525.0,Jennifer Hudson,912.0,103338338.0,Drama|Music|Musical,Loretta Devine,Dreamgirls ,55901,2856,Anika Noni Rose,0.0,1960s|fire|pop chart|singer|trio,http://www.imdb.com/title/tt0443489/?ref_=fn_tt_tt_1,503.0,English,USA,PG-13,70000000.0,2006.0,549.0,6.5,2.35,0,33338338.0,Positive
550,Color,Gil Kenan,190.0,91.0,27.0,925.0,Jon Heder,12000.0,73661010.0,Animation|Comedy|Family|Fantasy|Mystery,Steve Buscemi,Monster House ,71137,17299,Catherine O'Hara,0.0,babysitter|halloween|house|neighbor|suburb,http://www.imdb.com/title/tt0385880/?ref_=fn_tt_tt_1,229.0,English,USA,PG,75000000.0,2006.0,970.0,6.6,2.35,0,-1338990.0,Negative
571,Color,Adam McKay,164.0,122.0,285.0,989.0,Leslie Bibb,8000.0,148213377.0,Action|Comedy|Sport,Will Ferrell,Talladega Nights: The Ballad of Ricky Bobby ,130776,12410,Gary Cole,5.0,car racing|french|friend|nascar|racing,http://www.imdb.com/title/tt0415306/?ref_=fn_tt_tt_1,437.0,English,USA,PG-13,73000000.0,2006.0,1000.0,6.6,2.35,0,75213377.0,Positive
583,Color,John Lasseter,256.0,117.0,487.0,769.0,Cheech Marin,1000.0,244052771.0,Adventure|Animation|Comedy|Family|Sport,John Ratzenberger,Cars ,263853,4905,George Carlin,0.0,car|desert|route 66|tow truck|truck,http://www.imdb.com/title/tt0317219/?ref_=fn_tt_tt_1,584.0,English,USA,G,120000000.0,2006.0,843.0,7.2,2.35,0,124052771.0,Positive
595,Color,M. Night Shyamalan,284.0,110.0,0.0,559.0,Freddy Rodríguez,3000.0,42272747.0,Drama|Fantasy|Mystery|Thriller,Bryce Dallas Howard,Lady in the Water ,78635,5609,Bob Balaban,1.0,apartment|bedtime story|eagle|stuttering|swimming pool,http://www.imdb.com/title/tt0452637/?ref_=fn_tt_tt_1,1040.0,English,USA,PG-13,70000000.0,2006.0,579.0,5.6,1.85,0,-27727253.0,Negative
627,Color,Michael Caton-Jones,159.0,116.0,105.0,246.0,Indira Varma,844.0,5851188.0,Crime|Mystery|Thriller,Charlotte Rampling,Basic Instinct 2 ,31124,1899,Neil Maskell,1.0,drugs|murder|psychiatrist|scotland yard|sex,http://www.imdb.com/title/tt0430912/?ref_=fn_tt_tt_1,313.0,English,UK,R,70000000.0,2006.0,729.0,4.2,2.35,764,-64148812.0,Negative
668,Color,Oliver Stone,242.0,129.0,0.0,625.0,Jay Hernandez,12000.0,70236496.0,Drama|History|Thriller,Nicolas Cage,World Trade Center ,67395,14421,Armando Riesco,0.0,based on true story|police|rescue|rubble|trapped,http://www.imdb.com/title/tt0469641/?ref_=fn_tt_tt_1,564.0,English,USA,PG-13,63000000.0,2006.0,1000.0,6.0,1.85,0,7236496.0,Positive
684,Color,McG,96.0,131.0,368.0,383.0,Kimberly Williams-Paisley,11000.0,43532294.0,Drama|Sport,Matthew McConaughey,We Are Marshall ,46951,12088,Brian Geraghty,0.0,coach|football|football team|marshall university|university,http://www.imdb.com/title/tt0758794/?ref_=fn_tt_tt_1,175.0,English,USA,PG,65000000.0,2006.0,529.0,7.1,2.35,0,-21467706.0,Negative
694,Color,Tom Tykwer,226.0,147.0,670.0,16.0,David Calder,177.0,2208939.0,Crime|Drama|Fantasy,Michael Smiley,Perfume: The Story of a Murderer ,190490,253,Simon Chandler,0.0,18th century|perfume|scent|sense of smell|smell,http://www.imdb.com/title/tt0396171/?ref_=fn_tt_tt_1,482.0,English,Germany,R,50000000.0,2006.0,27.0,7.5,2.35,26000,-47791061.0,Negative
701,Color,Keenen Ivory Wayans,78.0,98.0,322.0,723.0,Brittany Daniel,979.0,58255287.0,Comedy|Crime,Chazz Palminteri,Littleman ,39471,6334,John Witherspoon,1.0,diamond|infant|parody|spoof|sports violence,http://www.imdb.com/title/tt0430304/?ref_=fn_tt_tt_1,187.0,English,USA,PG-13,64000000.0,2006.0,862.0,4.3,1.85,0,-5744713.0,Negative
709,Color,Zack Snyder,460.0,117.0,0.0,447.0,Michael Fassbender,18000.0,210592590.0,Action|Drama|Fantasy|War,Gerard Butler,300 ,607235,32360,Vincent Regan,0.0,battle|epic|greece|spartan|warrior,http://www.imdb.com/title/tt0416449/?ref_=fn_tt_tt_1,2073.0,English,USA,R,65000000.0,2006.0,13000.0,7.7,2.35,13000,145592590.0,Positive
747,Color,Brian Robbins,76.0,98.0,48.0,722.0,Joel David Moore,21000.0,61112916.0,Comedy|Family|Fantasy,Robert Downey Jr.,The Shaggy Dog ,14888,24664,Kristin Davis,0.0,animal as human|dog movie|elevator|human becoming an animal|sheepdog,http://www.imdb.com/title/tt0393735/?ref_=fn_tt_tt_1,83.0,English,USA,PG,50000000.0,2006.0,936.0,4.4,2.35,747,11112916.0,Positive
776,Color,Clark Johnson,161.0,107.0,69.0,206.0,David Rasche,310.0,36279230.0,Action|Crime|Thriller,Blair Brown,The Sentinel ,42144,1352,Martin Donovan,0.0,first lady|framed|investigation|president|secret service,http://www.imdb.com/title/tt0443632/?ref_=fn_tt_tt_1,213.0,English,USA,PG-13,60000000.0,2006.0,219.0,6.1,2.35,690,-23720770.0,Negative
796,Color,Brian De Palma,240.0,121.0,0.0,854.0,Mia Kirshner,19000.0,22518325.0,Crime|Drama|Mystery|Thriller,Scarlett Johansson,The Black Dahlia ,63363,22833,Mike Starr,0.0,black dahlia|boxer|corpse|death|partner,http://www.imdb.com/title/tt0387877/?ref_=fn_tt_tt_1,644.0,English,Germany,R,50000000.0,2006.0,972.0,5.6,2.35,0,-27481675.0,Negative
797, Black and White,Tony Bill,123.0,140.0,23.0,579.0,Tyler Labine,11000.0,13082288.0,Action|Adventure|Drama|History|Romance|War,James Franco,Flyboys ,35565,12634,Philip Winchester,1.0,american|france|military|pilot|training,http://www.imdb.com/title/tt0454824/?ref_=fn_tt_tt_1,247.0,English,UK,PG-13,60000000.0,2006.0,779.0,6.6,2.35,2000,-46917712.0,Negative
851,Color,Gabriele Muccino,201.0,117.0,125.0,168.0,Kurt Fuller,10000.0,162586036.0,Biography|Drama,Will Smith,The Pursuit of Happyness ,338383,11036,James Karen,0.0,bus|intern|internship|salesman|stockbroker,http://www.imdb.com/title/tt0454921/?ref_=fn_tt_tt_1,611.0,English,USA,PG-13,55000000.0,2006.0,617.0,8.0,2.35,32000,107586036.0,Positive
897,Color,Anthony Russo,136.0,110.0,94.0,240.0,Billy Gardell,277.0,75604320.0,Comedy|Romance,Todd Stashwick,"You, Me and Dupree ",68417,847,Amanda Detmer,1.0,best friend|foot fetish|houseguest|newlywed|wedding,http://www.imdb.com/title/tt0463034/?ref_=fn_tt_tt_1,195.0,English,USA,PG-13,54000000.0,2006.0,245.0,5.6,1.85,0,21604320.0,Positive
900, Black and White,Steven Zaillian,127.0,128.0,234.0,581.0,Anthony Hopkins,14000.0,7221458.0,Drama|Thriller,Kate Winslet,All the King's Men ,20740,27614,Kevin Dunn,0.0,governor|journalist|louisiana|mistress|politician,http://www.imdb.com/title/tt0405676/?ref_=fn_tt_tt_1,178.0,English,Germany,PG-13,55000000.0,2006.0,12000.0,6.2,1.85,0,-47778542.0,Negative
906,Color,Clint Eastwood,279.0,135.0,16000.0,310.0,Chris Bauer,23000.0,33574332.0,Drama|History|War,Paul Walker,Flags of Our Fathers ,101221,24468,Tom McCarthy,0.0,imperial japan|japan|japanese army|japanese soldier|world war two,http://www.imdb.com/title/tt0418689/?ref_=fn_tt_tt_1,415.0,English,USA,R,90000000.0,2006.0,638.0,7.1,2.35,0,-56425668.0,Negative
913,Color,Peyton Reed,183.0,106.0,235.0,931.0,John Michael Higgins,4000.0,118683135.0,Comedy|Drama|Romance,Jon Favreau,The Break-Up ,102167,8315,Ann-Margret,1.0,art|break up|football video game|kitchen|talking to one's self in a mirror,http://www.imdb.com/title/tt0452594/?ref_=fn_tt_tt_1,483.0,English,USA,PG-13,52000000.0,2006.0,957.0,5.8,1.85,0,66683135.0,Positive
924,Color,Steve Oedekerk,98.0,90.0,176.0,523.0,Wanda Sykes,677.0,72601713.0,Animation|Comedy|Family,Rob Paulsen,Barnyard ,21396,2055,Maurice LaMarche,1.0,cow|farmer|howl|howling at the moon|vegetarian,http://www.imdb.com/title/tt0414853/?ref_=fn_tt_tt_1,155.0,English,Germany,PG,51000000.0,2006.0,560.0,5.6,1.85,605,21601713.0,Positive
946,Color,Spike Lee,230.0,129.0,0.0,277.0,James Ransone,18000.0,88504640.0,Crime|Drama|Mystery|Thriller,Denzel Washington,Inside Man ,273108,19148,Peter Gerety,2.0,bank|detective|negotiation|police|robber,http://www.imdb.com/title/tt0454848/?ref_=fn_tt_tt_1,646.0,English,USA,R,45000000.0,2006.0,412.0,7.6,2.35,0,43504640.0,Positive
951,Color,Tom Dey,143.0,95.0,9.0,11000.0,Matthew McConaughey,14000.0,88658172.0,Comedy|Romance,Bradley Cooper,Failure to Launch ,58412,37967,Zooey Deschanel,2.0,friend|intervention|moving|secret|slacker,http://www.imdb.com/title/tt0427229/?ref_=fn_tt_tt_1,242.0,English,USA,PG-13,50000000.0,2006.0,11000.0,5.6,2.35,2000,38658172.0,Positive
963,Color,Matthew O'Callaghan,87.0,78.0,5.0,1000.0,Frank Welker,8000.0,58336565.0,Adventure|Animation|Comedy|Family,Will Ferrell,Curious George ,12845,11124,Alexander Gould,0.0,hat|monkey|museum|shrine|yellow,http://www.imdb.com/title/tt0381971/?ref_=fn_tt_tt_1,118.0,English,USA,G,50000000.0,2006.0,2000.0,6.6,1.85,624,8336565.0,Positive
972,Color,Richard Loncraine,171.0,105.0,12.0,935.0,Harrison Ford,87000.0,48745150.0,Crime|Thriller,Jimmy Bennett,Firewall ,50170,101383,Mary Lynn Rajskub,1.0,architect|bank|cayman islands|meeting|murder,http://www.imdb.com/title/tt0408345/?ref_=fn_tt_tt_1,306.0,English,USA,PG-13,50000000.0,2006.0,11000.0,5.8,2.35,773,-1254850.0,Negative
976,Color,Christophe Gans,267.0,132.0,50.0,368.0,Deborah Kara Unger,992.0,46982632.0,Adventure|Horror|Mystery,Radha Mitchell,Silent Hill ,172792,1933,Alice Krige,0.0,gothic|police|police officer|silent hill|sleepwalking,http://www.imdb.com/title/tt0384537/?ref_=fn_tt_tt_1,1740.0,English,Canada,R,50000000.0,2006.0,495.0,6.6,2.35,0,-3017368.0,Negative
1062,Color,Paul Bolger,93.0,75.0,0.0,677.0,George Carlin,4000.0,15519841.0,Adventure|Animation|Comedy|Family|Fantasy,Sarah Michelle Gellar,Happily N'Ever After ,8693,6863,Rob Paulsen,3.0,apostrophe in title|cinderella|first of series|punctuation in title|three word title,http://www.imdb.com/title/tt0308353/?ref_=fn_tt_tt_1,71.0,English,USA,PG,47000000.0,2006.0,769.0,4.5,1.85,261,-31480159.0,Negative
1105,Color,Wayne Wang,99.0,112.0,61.0,501.0,Alicia Witt,1000.0,38360195.0,Adventure|Comedy|Drama,LL Cool J,Last Holiday ,21215,3757,Timothy Hutton,1.0,chef|congressman|cook|hotel|senator,http://www.imdb.com/title/tt0408985/?ref_=fn_tt_tt_1,116.0,English,USA,PG-13,45000000.0,2006.0,976.0,6.4,2.35,0,-6639805.0,Negative
1111,Color,John A. Davis,105.0,88.0,8.0,8000.0,Meryl Streep,12000.0,28133159.0,Adventure|Animation|Comedy|Family|Fantasy,Nicolas Cage,The Ant Bully ,30055,33822,Julia Roberts,1.0,ant|miniaturization|punishment|shrinking|sudden change in size,http://www.imdb.com/title/tt0429589/?ref_=fn_tt_tt_1,70.0,English,USA,PG,50000000.0,2006.0,11000.0,5.9,1.85,593,-21866841.0,Negative
1115,Color,Richard Donner,199.0,102.0,503.0,795.0,David Zayas,13000.0,36883539.0,Action|Crime|Drama|Thriller,Bruce Willis,16 Blocks ,112769,15053,Sasha Roiz,2.0,alcoholic|courthouse|detective|jail|witness,http://www.imdb.com/title/tt0450232/?ref_=fn_tt_tt_1,305.0,English,Germany,PG-13,52000000.0,2006.0,929.0,6.6,2.35,0,-15116461.0,Negative
1129,Color,Yimou Zhang,189.0,114.0,611.0,10.0,Ye Liu,879.0,6565495.0,Drama|Romance,Li Gong,Curse of the Golden Flower ,36455,949,Man Li,2.0,china|chrysanthemum|emperor|empress|prince,http://www.imdb.com/title/tt0473444/?ref_=fn_tt_tt_1,229.0,Mandarin,China,R,45000000.0,2006.0,52.0,7.0,2.35,0,-38434505.0,Negative
1145,Color,Len Wiseman,206.0,102.0,235.0,520.0,Tony Curran,956.0,62318875.0,Action|Adventure|Fantasy|Sci-Fi|Thriller,Sophia Myles,Underworld: Evolution ,156225,2998,Derek Jacobi,1.0,death|feud|forbidden love|vampire|werewolf,http://www.imdb.com/title/tt0401855/?ref_=fn_tt_tt_1,502.0,English,USA,R,50000000.0,2006.0,845.0,6.8,2.35,0,12318875.0,Positive
1199,Color,David Zucker,151.0,89.0,119.0,807.0,Carmen Electra,2000.0,90703745.0,Comedy,Beau Mirchoff,Scary Movie 4 ,93748,5855,Regina Hall,8.0,female nudity|male nudity|parody|reference to myspace|sequel,http://www.imdb.com/title/tt0362120/?ref_=fn_tt_tt_1,410.0,English,USA,PG-13,45000000.0,2006.0,869.0,5.1,1.85,1000,45703745.0,Positive
1208,Color,Frank Marshall,118.0,120.0,155.0,249.0,Bruce Greenwood,23000.0,81593527.0,Adventure|Drama|Family,Paul Walker,Eight Below ,48806,24300,Wendy Crewson,1.0,antarctica|dog|siberian husky|sled dog|survival,http://www.imdb.com/title/tt0397313/?ref_=fn_tt_tt_1,263.0,English,USA,PG,40000000.0,2006.0,984.0,7.3,2.35,11000,41593527.0,Positive
1218,Color,John Whitesell,65.0,99.0,14.0,633.0,Nia Long,17000.0,70163652.0,Comedy|Crime,Chloë Grace Moretz,Big Momma's House 2 ,31968,19334,Marisol Nichols,0.0,cheerleading|fbi|fbi agent|nanny|undercover,http://www.imdb.com/title/tt0421729/?ref_=fn_tt_tt_1,82.0,English,USA,PG-13,40000000.0,2006.0,826.0,4.6,1.85,663,30163652.0,Positive
1233,Color,Christopher Nolan,341.0,130.0,22000.0,19000.0,Hugh Jackman,23000.0,53082743.0,Drama|Mystery|Sci-Fi|Thriller,Christian Bale,The Prestige ,844052,63986,Scarlett Johansson,1.0,illusion|magician|obsession|rivalry|secret,http://www.imdb.com/title/tt0482571/?ref_=fn_tt_tt_1,1100.0,English,USA,PG-13,40000000.0,2006.0,20000.0,8.5,2.35,49000,13082743.0,Positive
1236,Color,Mel Gibson,283.0,139.0,0.0,19.0,Dalia Hernández,708.0,50859889.0,Action|Adventure|Drama|Thriller,Rudy Youngblood,Apocalypto ,236000,848,Jonathan Brewer,0.0,jaguar|mayan|solar eclipse|tribe|village,http://www.imdb.com/title/tt0472043/?ref_=fn_tt_tt_1,1043.0,Maya,USA,R,40000000.0,2006.0,78.0,7.8,1.85,14000,10859889.0,Positive
1241,Color,Alejandro Agresti,175.0,99.0,18.0,211.0,Dylan Walsh,18000.0,52320979.0,Drama|Fantasy|Romance,Keanu Reeves,The Lake House ,114321,18693,Ebon Moss-Bachrach,0.0,house|lake|letter|love across time|parallel time,http://www.imdb.com/title/tt0410297/?ref_=fn_tt_tt_1,548.0,English,USA,PG,40000000.0,2006.0,426.0,6.8,2.35,0,12320979.0,Positive
1290,Color,Sofia Coppola,260.0,123.0,0.0,826.0,Shirley Henderson,4000.0,15962471.0,Biography|Drama|History|Romance,Kirsten Dunst,Marie Antoinette ,79892,7243,Rip Torn,1.0,austria|cake|france|queen|versailles,http://www.imdb.com/title/tt0422720/?ref_=fn_tt_tt_1,619.0,English,USA,PG-13,40000000.0,2006.0,887.0,6.4,1.85,0,-24037529.0,Negative
1318,Color,Geoffrey Sax,66.0,93.0,13.0,173.0,Sophie Okonedo,15000.0,652526.0,Action|Adventure|Family|Thriller,Alex Pettyfer,Alex Rider: Operation Stormbreaker ,20201,15638,Ashley Walters,3.0,14 year old|british|gadget|spy|training,http://www.imdb.com/title/tt0457495/?ref_=fn_tt_tt_1,187.0,English,Germany,PG,40000000.0,2006.0,460.0,5.1,2.35,823,-39347474.0,Negative
1408,Color,David Frankel,208.0,109.0,64.0,505.0,Anne Hathaway,11000.0,124732962.0,Comedy|Drama|Romance,Meryl Streep,The Devil Wears Prada ,286178,23923,Rebecca Mader,0.0,fashion|fashion industry|magazine|new york city|publishing,http://www.imdb.com/title/tt0458352/?ref_=fn_tt_tt_1,631.0,English,USA,PG-13,35000000.0,2006.0,11000.0,6.8,2.35,0,89732962.0,Positive
1434,Color,Dennis Dugan,90.0,75.0,221.0,553.0,Jon Heder,11000.0,57651794.0,Comedy|Romance|Sport,Jon Lovitz,The Benchwarmers ,40651,13125,Tim Meadows,2.0,baseball|baseball team|bully|millionaire|team,http://www.imdb.com/title/tt0437863/?ref_=fn_tt_tt_1,209.0,English,USA,PG-13,33000000.0,2006.0,970.0,5.6,1.85,0,24651794.0,Positive
1450,Color,Catherine Hardwicke,122.0,101.0,308.0,206.0,Hiam Abbass,446.0,37617947.0,Drama|Family|Fantasy,Keisha Castle-Hughes,The Nativity Story ,8143,966,Shaun Toub,0.0,angel|bethlehem|journey|nazareth|virgin,http://www.imdb.com/title/tt0762121/?ref_=fn_tt_tt_1,203.0,English,USA,PG,30000000.0,2006.0,224.0,6.8,2.35,0,7617947.0,Positive
1495,Color,Peter Hewitt,63.0,83.0,12.0,690.0,Rip Torn,2000.0,11631245.0,Action|Adventure|Family|Sci-Fi,Kevin Zegers,Zoom ,15015,5022,Thomas F. Wilson,5.0,bruise|female hero|super strength|superhero|teenage superhero,http://www.imdb.com/title/tt0383060/?ref_=fn_tt_tt_1,113.0,English,USA,PG,35000000.0,2006.0,826.0,4.2,1.85,494,-23368755.0,Negative
1498,Color,Ridley Scott,147.0,117.0,0.0,567.0,Albert Finney,883.0,7458269.0,Comedy|Drama|Romance,Archie Panjabi,A Good Year ,70698,3611,Richard Coyle,1.0,based on novel|inheritance|provence|uncle|wine,http://www.imdb.com/title/tt0401445/?ref_=fn_tt_tt_1,196.0,English,USA,PG-13,35000000.0,2006.0,883.0,6.9,2.35,9000,-27541731.0,Negative
1514,Color,Darren Aronofsky,274.0,96.0,0.0,1000.0,Ellen Burstyn,20000.0,10139254.0,Drama|Sci-Fi,Hugh Jackman,The Fountain ,190990,24640,Mark Margolis,0.0,eternity|love|mayan|tree|tree of life,http://www.imdb.com/title/tt0414993/?ref_=fn_tt_tt_1,915.0,English,USA,PG-13,35000000.0,2006.0,1000.0,7.3,1.85,23000,-24860746.0,Negative
1530,Color,David R. Ellis,285.0,105.0,160.0,491.0,Kenan Thompson,852.0,34014398.0,Action|Adventure|Crime|Drama|Thriller,Lin Shaye,Snakes on a Plane ,115649,2604,Rachel Blanchard,0.0,baby rattle|famous line|murder|passenger|snake,http://www.imdb.com/title/tt0417148/?ref_=fn_tt_tt_1,1033.0,English,Germany,R,33000000.0,2006.0,521.0,5.6,2.35,4000,1014398.0,Positive
1544,Color,Jared Hess,163.0,92.0,100.0,327.0,Moises Arias,678.0,80197993.0,Comedy|Family|Sport,Ana de la Reguera,Nacho Libre ,65551,1729,Héctor Jiménez,1.0,lucha libre|monastery|nun|orphan|wrestling,http://www.imdb.com/title/tt0457510/?ref_=fn_tt_tt_1,441.0,English,Germany,PG,32000000.0,2006.0,635.0,5.7,1.85,0,48197993.0,Positive
1569, Black and White,Steven Soderbergh,183.0,105.0,0.0,308.0,Beau Bridges,845.0,1304837.0,Drama|Mystery|Thriller,Tony Curran,The Good German ,21481,2355,Leland Orser,2.0,american|driver|journalist|russian|secret,http://www.imdb.com/title/tt0452624/?ref_=fn_tt_tt_1,175.0,English,USA,R,32000000.0,2006.0,552.0,6.1,1.66,559,-30695163.0,Negative
1651,Color,Marc Forster,253.0,113.0,395.0,77.0,Christian Stolte,8000.0,40137776.0,Comedy|Drama|Fantasy|Romance,Will Ferrell,Stranger Than Fiction ,186977,8362,Danny Rhodes,1.0,author|fate|novelist|professor|writer,http://www.imdb.com/title/tt0420223/?ref_=fn_tt_tt_1,529.0,English,USA,PG-13,38000000.0,2006.0,189.0,7.6,1.85,13000,2137776.0,Positive
1663,Color,Liz Friedlander,101.0,118.0,3.0,439.0,Yaya DaCosta,1000.0,34703228.0,Drama|Music,Alfre Woodard,Take the Lead ,21767,3797,Jasika Nicole,0.0,ballroom|dance|dance teacher|student|teacher,http://www.imdb.com/title/tt0446046/?ref_=fn_tt_tt_1,127.0,English,USA,PG-13,30000000.0,2006.0,712.0,6.7,1.85,0,4703228.0,Positive
1665,Color,Phil Joanou,85.0,125.0,21.0,581.0,Jurnee Smollett-Bell,12000.0,38432823.0,Crime|Drama|Sport,Dwayne Johnson,Gridiron Gang ,33067,15811,Kevin Dunn,1.0,alliterative title|football|football coach|football practice|football team,http://www.imdb.com/title/tt0421206/?ref_=fn_tt_tt_1,134.0,English,USA,PG-13,30000000.0,2006.0,2000.0,6.9,2.35,0,8432823.0,Positive
1676,Color,Ivan Reitman,147.0,95.0,425.0,560.0,Eddie Izzard,973.0,22526144.0,Comedy|Romance|Sci-Fi,Rainn Wilson,My Super Ex-Girlfriend ,53884,2737,Wanda Sykes,1.0,architect|boyfriend girlfriend relationship|superhero|superhero spoof|supernatural power,http://www.imdb.com/title/tt0465624/?ref_=fn_tt_tt_1,203.0,English,USA,PG-13,30000000.0,2006.0,776.0,5.1,2.35,1000,-7473856.0,Negative
1683,Color,Kurt Wimmer,158.0,94.0,110.0,277.0,Cameron Bright,14000.0,18500966.0,Action|Horror|Sci-Fi|Thriller,Milla Jovovich,Ultraviolet ,70341,15271,Nick Chinlund,1.0,boy|disease|hemophagia|speed|vampire,http://www.imdb.com/title/tt0370032/?ref_=fn_tt_tt_1,830.0,English,USA,PG-13,30000000.0,2006.0,829.0,4.4,1.85,0,-11499034.0,Negative
1719,Color,Chris Noonan,124.0,88.0,108.0,135.0,Bill Paterson,876.0,2975649.0,Biography|Drama|Romance,Emily Watson,Miss Potter ,23864,1518,Lucy Boynton,1.0,book|children|friend|illustrator|letter,http://www.imdb.com/title/tt0482546/?ref_=fn_tt_tt_1,142.0,English,UK,PG,30000000.0,2006.0,142.0,7.0,2.35,0,-27024351.0,Negative
1721,Color,Corey Yuen,110.0,87.0,23.0,748.0,Holly Valance,826.0,480314.0,Action|Adventure,Steve Howey,DOA: Dead or Alive ,38503,4473,Sarah Carter,4.0,female fighter|island|martial arts|parachute|tournament,http://www.imdb.com/title/tt0398913/?ref_=fn_tt_tt_1,180.0,English,USA,PG-13,21000000.0,2006.0,816.0,4.8,2.35,0,-20519686.0,Negative
1783,Color,Donald Petrie,98.0,103.0,80.0,585.0,Carlos Ponce,806.0,17324744.0,Comedy|Fantasy|Romance,Samaire Armstrong,Just My Luck ,44103,3211,Faizon Love,3.0,bad luck|band|kiss|luck|masquerade,http://www.imdb.com/title/tt0397078/?ref_=fn_tt_tt_1,149.0,English,USA,PG-13,28000000.0,2006.0,591.0,5.3,1.85,0,-10675256.0,Negative
1800,Color,Richard Eyre,220.0,92.0,14.0,78.0,Andrew Simpson,386.0,17508670.0,Crime|Drama|Romance|Thriller,Phil Davis,Notes on a Scandal ,64625,646,Shaun Parkes,0.0,age difference|school|student|teacher|writing,http://www.imdb.com/title/tt0465551/?ref_=fn_tt_tt_1,281.0,English,UK,R,15000000.0,2006.0,99.0,7.4,1.85,0,2508670.0,Positive
1812,Color,Paul McGuigan,202.0,110.0,118.0,1000.0,Morgan Freeman,13000.0,22494487.0,Crime|Drama|Mystery|Thriller,Bruce Willis,Lucky Number Slevin ,262153,26451,Dorian Missick,3.0,coroner|death|gay son|love|mistaken identity,http://www.imdb.com/title/tt0425210/?ref_=fn_tt_tt_1,507.0,English,Germany,R,27000000.0,2006.0,11000.0,7.8,2.35,10000,-4505513.0,Negative
1895,Color,James Wong,216.0,86.0,70.0,318.0,Gina Holden,440.0,54098051.0,Horror,Chelan Simmons,Final Destination 3 ,102861,2420,Crystal Lowe,0.0,amusement park|death|fate|premonition|roller coaster,http://www.imdb.com/title/tt0414982/?ref_=fn_tt_tt_1,571.0,English,Germany,R,25000000.0,2006.0,346.0,5.8,2.35,0,29098051.0,Positive
1926,Color,Andy Fickman,91.0,105.0,99.0,960.0,Alexandra Breckenridge,17000.0,33687630.0,Comedy|Romance,Channing Tatum,She's the Man ,116762,20109,Laura Ramsey,0.0,disguise|roommate|school|soccer|twin,http://www.imdb.com/title/tt0454945/?ref_=fn_tt_tt_1,261.0,English,USA,PG-13,20000000.0,2006.0,1000.0,6.4,1.85,0,13687630.0,Positive
1955,Color,Paul Feig,73.0,90.0,176.0,825.0,Rob Riggle,931.0,16647384.0,Adventure|Comedy|Family|Romance,Tyler James Williams,Unaccompanied Minors ,8398,4431,B.J. Novak,1.0,airport|black comedy|blizzard|christmas|pennsylvania,http://www.imdb.com/title/tt0488658/?ref_=fn_tt_tt_1,56.0,English,USA,PG,26000000.0,2006.0,839.0,5.1,2.35,498,-9352616.0,Negative
1987,Color,Lasse Hallström,142.0,116.0,529.0,174.0,Christopher Evan Welch,442.0,7156933.0,Comedy|Drama,Hope Davis,The Hoax ,14581,1134,James Biberi,0.0,book|fabrication|fake|hoax|manuscript,http://www.imdb.com/title/tt0462338/?ref_=fn_tt_tt_1,74.0,English,USA,R,25000000.0,2006.0,252.0,6.7,1.85,348,-17843067.0,Negative
1994,Color,David R. Ellis,285.0,105.0,160.0,490.0,Kenan Thompson,852.0,34014398.0,Action|Adventure|Crime|Drama|Thriller,Lin Shaye,Snakes on a Plane ,115650,2603,Rachel Blanchard,0.0,baby rattle|famous line|murder|passenger|snake,http://www.imdb.com/title/tt0417148/?ref_=fn_tt_tt_1,1033.0,English,Germany,R,33000000.0,2006.0,521.0,5.6,2.35,4000,1014398.0,Positive
2019,Color,Sylvester Stallone,285.0,139.0,13000.0,461.0,Burt Young,13000.0,70269171.0,Drama|Sport,Sylvester Stallone,Rocky Balboa ,162130,15111,Mike Tyson,0.0,boxing|fight|heavyweight champion|restaurant|retired boxer,http://www.imdb.com/title/tt0479143/?ref_=fn_tt_tt_1,962.0,English,USA,PG,24000000.0,2006.0,683.0,7.2,1.85,0,46269171.0,Positive
2118,Color,Paul Verhoeven,231.0,145.0,719.0,104.0,Sebastian Koch,2000.0,4398392.0,Drama|Thriller|War,Michiel Huisman,Black Book ,59507,2590,Christian Berkel,1.0,boat|escape|hiding|nazi|resistance,http://www.imdb.com/title/tt0389557/?ref_=fn_tt_tt_1,232.0,Dutch,Netherlands,R,21000000.0,2006.0,380.0,7.8,2.35,0,-16601608.0,Negative
2155,Color,Jim Sonzero,148.0,90.0,2.0,807.0,Christina Milian,16000.0,20259297.0,Drama|Horror|Sci-Fi|Thriller,Ian Somerhalder,Pulse ,24969,19952,Rick Gonzalez,0.0,cell phone|computer|computer hacker|e mail|technology,http://www.imdb.com/title/tt0454919/?ref_=fn_tt_tt_1,258.0,English,USA,PG-13,20000000.0,2006.0,1000.0,4.7,2.35,0,259297.0,Positive
2182,Color,Aaron Seltzer,99.0,85.0,64.0,729.0,Carmen Electra,3000.0,48546578.0,Comedy|Romance,Alyson Hannigan,Date Movie ,50415,6539,Fred Willard,0.0,female protagonist|greek|overweight|spoof|wedding planner,http://www.imdb.com/title/tt0466342/?ref_=fn_tt_tt_1,613.0,English,USA,PG-13,20000000.0,2006.0,869.0,2.7,1.85,806,28546578.0,Positive
2196,Color,Takashi Shimizu,131.0,137.0,70.0,464.0,Sarah Roemer,4000.0,39143839.0,Horror|Thriller,Sarah Michelle Gellar,The Grudge 2 ,38658,5746,Matthew Knight,0.0,curse|ghost|haunted house|high school|schoolgirl,http://www.imdb.com/title/tt0433386/?ref_=fn_tt_tt_1,284.0,English,USA,PG-13,20000000.0,2006.0,884.0,5.0,1.85,930,19143839.0,Positive
2199,Color,Barry Levinson,111.0,115.0,272.0,1000.0,Tina Fey,49000.0,37442180.0,Comedy|Drama|Romance|Thriller,Robin Williams,Man of the Year ,28005,52571,Amy Poehler,1.0,campaign|election|president|presidential election|satire,http://www.imdb.com/title/tt0483726/?ref_=fn_tt_tt_1,236.0,English,USA,PG-13,20000000.0,2006.0,2000.0,6.2,2.35,0,17442180.0,Positive
2204,Color,Alejandro G. Iñárritu,285.0,143.0,0.0,51.0,Harriet Walter,11000.0,34300771.0,Drama,Brad Pitt,Babel ,243799,11248,Dermot Crowley,3.0,american|destiny|mexican border|multiple perspectives|muslim,http://www.imdb.com/title/tt0449467/?ref_=fn_tt_tt_1,908.0,English,France,R,25000000.0,2006.0,119.0,7.5,1.85,0,9300771.0,Positive
2231,Color,William Brent Bell,112.0,75.0,19.0,806.0,Frankie Muniz,1000.0,23078294.0,Horror|Thriller,Adam Goldberg,Stay Alive ,25870,3590,Samaire Armstrong,0.0,countess|game reality crossover|ghost|group of friends|tower,http://www.imdb.com/title/tt0441796/?ref_=fn_tt_tt_1,281.0,English,USA,PG-13,9000000.0,2006.0,934.0,5.1,2.35,0,14078294.0,Positive
2234,Color,Renny Harlin,120.0,97.0,212.0,637.0,Kyle Schmid,960.0,23292105.0,Action|Fantasy|Horror|Thriller,Laura Ramsey,The Covenant ,39541,3261,Toby Hemingway,0.0,family secret|friendship between men|magic|supernatural power|teenager,http://www.imdb.com/title/tt0475944/?ref_=fn_tt_tt_1,334.0,English,USA,PG-13,20000000.0,2006.0,917.0,5.3,2.35,3000,3292105.0,Positive
2251,Color,Todd Phillips,110.0,108.0,480.0,579.0,Sarah Silverman,970.0,17803796.0,Comedy,Jon Heder,School for Scoundrels ,26100,4374,Jacinda Barrett,1.0,paintball|paintball gun|pepper spray|tennis|what happened to epilogue,http://www.imdb.com/title/tt0462519/?ref_=fn_tt_tt_1,97.0,English,USA,PG-13,20000000.0,2006.0,931.0,5.9,2.35,484,-2196204.0,Negative
2276,Color,Michael O. Sajbel,36.0,123.0,6.0,85.0,Tiffany Dupont,541.0,13391174.0,Biography|Drama|History,James Callis,One Night with the King ,5796,908,Nimrat Kaur,0.0,biblical|book of esther|esther|persia|treachery,http://www.imdb.com/title/tt0430431/?ref_=fn_tt_tt_1,177.0,English,USA,PG,20000000.0,2006.0,249.0,6.3,2.35,0,-6608826.0,Negative
2301,Color,Dave Borthwick,31.0,77.0,3.0,593.0,Kylie Minogue,787.0,7382993.0,Adventure|Animation|Comedy|Family|Fantasy,Jimmy Fallon,Doogal ,3851,2185,Jon Stewart,0.0,diamond|lava|magic|mountain|sorcerer,http://www.imdb.com/title/tt0763304/?ref_=fn_tt_tt_1,114.0,English,USA,G,20000000.0,2006.0,690.0,2.8,1.85,346,-12617007.0,Negative
2311,Color,Richard Linklater,232.0,100.0,0.0,407.0,Keanu Reeves,21000.0,5480996.0,Animation|Drama|Mystery|Sci-Fi|Thriller,Robert Downey Jr.,A Scanner Darkly ,89383,39507,Rory Cochrane,0.0,detective|drugs|substance d|undercover|undercover cop,http://www.imdb.com/title/tt0405296/?ref_=fn_tt_tt_1,293.0,English,USA,R,8700000.0,2006.0,18000.0,7.1,1.85,0,-3219004.0,Negative
2354,Color,John Curran,143.0,125.0,43.0,7.0,Sally Hawkins,2000.0,8047690.0,Drama|Romance,Toby Jones,The Painted Veil ,77656,2608,Alan David,0.0,china|cholera|epidemic|love|marriage,http://www.imdb.com/title/tt0446755/?ref_=fn_tt_tt_1,220.0,Mandarin,China,PG-13,19400000.0,2006.0,594.0,7.5,2.35,0,-11352310.0,Negative
2394,Color,Larry Charles,343.0,82.0,119.0,6.0,Ken Davitian,332.0,128505958.0,Comedy,Luenell,Borat: Cultural Learnings of America for Make Benefit Glorious Nation of Kazakhstan ,297014,505,Chester,1.0,california|city|kazakhstan|travel|tv reporter,http://www.imdb.com/title/tt0443453/?ref_=fn_tt_tt_1,1198.0,English,USA,R,18000000.0,2006.0,165.0,7.3,1.85,0,110505958.0,Positive
2416,Color,Paul Greengrass,279.0,111.0,521.0,64.0,David Alan Basche,97.0,31471430.0,Drama|History|Thriller,Christian Clemenson,United 93 ,83374,313,Susan Blommaert,0.0,flight|passenger|plane|september 11 2001|terrorist,http://www.imdb.com/title/tt0475276/?ref_=fn_tt_tt_1,828.0,English,USA,R,15000000.0,2006.0,68.0,7.6,2.35,0,16471430.0,Positive
2471,Color,Christian Volckman,112.0,105.0,2.0,69.0,Catherine McCormack,805.0,63260.0,Action|Animation|Sci-Fi|Thriller,Romola Garai,Renaissance ,14325,1185,Kevork Malikyan,0.0,future|kidnapping|missing file|paris france|year 2054,http://www.imdb.com/title/tt0386741/?ref_=fn_tt_tt_1,90.0,English,France,R,14000000.0,2006.0,306.0,6.7,2.35,0,-13936740.0,Negative
2491,Color,Jay Chandrasekhar,91.0,110.0,422.0,422.0,Owain Yeoman,33000.0,19179969.0,Comedy,Chris Moss,Beerfest ,54710,35345,Jay Chandrasekhar,2.0,beer|competition|germany|oktoberfest|prostitute,http://www.imdb.com/title/tt0486551/?ref_=fn_tt_tt_1,177.0,English,USA,R,17500000.0,2006.0,459.0,6.3,2.35,0,1679969.0,Positive
2496,Color,Joe Carnahan,186.0,109.0,248.0,968.0,Common,16000.0,35635046.0,Action|Crime|Drama|Thriller,Ryan Reynolds,Smokin' Aces ,121058,19410,Alex Rocco,0.0,casino|fbi|mafia|mob hit|sniper,http://www.imdb.com/title/tt0475394/?ref_=fn_tt_tt_1,482.0,English,UK,R,17000000.0,2006.0,988.0,6.7,2.35,3000,18635046.0,Positive
2502,Color,Alexandre Aja,265.0,108.0,192.0,580.0,Greg Nicotero,1000.0,41777564.0,Horror,Dan Byrd,The Hills Have Eyes ,129719,4500,Vinessa Shaw,0.0,desert|horror movie remake|murder of family|rape|slasher,http://www.imdb.com/title/tt0454841/?ref_=fn_tt_tt_1,855.0,English,USA,R,15000000.0,2006.0,1000.0,6.4,2.35,0,26777564.0,Positive
2511,Color,Trent Cooper,37.0,89.0,0.0,323.0,Larry the Cable Guy,690.0,15655665.0,Comedy|Romance,Thomas F. Wilson,Larry the Cable Guy: Health Inspector ,9104,2135,Megyn Price,2.0,diner|food poisoning|health inspector|restaurant|undercover,http://www.imdb.com/title/tt0462395/?ref_=fn_tt_tt_1,112.0,English,USA,PG-13,4000000.0,2006.0,400.0,3.1,1.33,110,11655665.0,Positive
2517,Color,Paul Weitz,153.0,107.0,80.0,841.0,Dennis Quaid,2000.0,7156725.0,Comedy|Music,Judy Greer,American Dreamz ,22639,5992,Chris Klein,6.0,chief of staff|contest|president|singing|terrorist,http://www.imdb.com/title/tt0465142/?ref_=fn_tt_tt_1,217.0,English,USA,PG-13,19000000.0,2006.0,2000.0,5.5,1.85,300,-11843275.0,Negative
2520,Color,Wayne Kramer,157.0,122.0,47.0,834.0,Chazz Palminteri,23000.0,6855137.0,Action|Crime|Drama|Thriller,Paul Walker,Running Scared ,88590,27381,Ivana Milicevic,2.0,adult child friendship|corrupt cop|fistfight|gangster|thug,http://www.imdb.com/title/tt0404390/?ref_=fn_tt_tt_1,419.0,English,Germany,R,17000000.0,2006.0,979.0,7.4,2.35,0,-10144863.0,Negative
2523,Color,Neil Burger,236.0,110.0,168.0,96.0,Eddie Marsan,3000.0,39825798.0,Drama|Mystery|Romance|Thriller,Rufus Sewell,The Illusionist ,295375,4210,Jake Wood,3.0,duchess|illusionist|magician|prince|supernatural power,http://www.imdb.com/title/tt0443543/?ref_=fn_tt_tt_1,645.0,English,USA,PG-13,16000000.0,2006.0,979.0,7.6,1.85,15000,23825798.0,Positive
2527,Color,Richard Kelly,173.0,160.0,219.0,215.0,Curtis Armstrong,1000.0,273420.0,Comedy|Mystery|Sci-Fi|Thriller,Janeane Garofalo,Southland Tales ,32671,2340,Chris Andrew Ciulla,6.0,amnesia|boxer|conspiracy|police|porn star,http://www.imdb.com/title/tt0405336/?ref_=fn_tt_tt_1,238.0,English,France,R,17000000.0,2006.0,876.0,5.5,2.35,0,-16726580.0,Negative
2532,Color,Steven Shainberg,105.0,122.0,30.0,260.0,Ty Burrell,21000.0,220914.0,Biography|Drama|Romance,Robert Downey Jr.,Fur: An Imaginary Portrait of Diane Arbus ,13239,25173,Matt Servitto,2.0,character name in title|diane arbus|male full frontal nudity|photographer|pubic hair,http://www.imdb.com/title/tt0422295/?ref_=fn_tt_tt_1,97.0,English,USA,R,16800000.0,2006.0,3000.0,6.5,1.85,0,-16579086.0,Negative
2533,Color,Neil Burger,236.0,110.0,168.0,96.0,Eddie Marsan,3000.0,39825798.0,Drama|Mystery|Romance|Thriller,Rufus Sewell,The Illusionist ,295375,4210,Jake Wood,3.0,duchess|illusionist|magician|prince|supernatural power,http://www.imdb.com/title/tt0443543/?ref_=fn_tt_tt_1,645.0,English,USA,PG-13,16000000.0,2006.0,979.0,7.6,1.85,15000,23825798.0,Positive
2548,Color,Jonathan Liebesman,196.0,83.0,473.0,597.0,Jordana Brewster,20000.0,39511038.0,Horror,Matt Bomer,The Texas Chainsaw Massacre: The Beginning ,56269,26402,Lew Temple,0.0,cannibal|car accident|leatherface|psychopath|slaughterhouse,http://www.imdb.com/title/tt0420294/?ref_=fn_tt_tt_1,366.0,English,USA,R,16000000.0,2006.0,4000.0,5.9,1.85,0,23511038.0,Positive
2551,Color,Guillermo del Toro,406.0,112.0,0.0,250.0,Maribel Verdú,634.0,37623143.0,Drama|Fantasy|War,Ivana Baquero,Pan's Labyrinth ,467234,1322,Sergi López,0.0,fairy|fairy tale|faun|princess|spain,http://www.imdb.com/title/tt0457430/?ref_=fn_tt_tt_1,1083.0,Spanish,Spain,R,13500000.0,2006.0,269.0,8.2,1.85,27000,24123143.0,Positive
2599,Color,James Gunn,251.0,95.0,571.0,102.0,Gregg Henry,499.0,7774730.0,Comedy|Horror|Sci-Fi,Dustin Milligan,Slither ,61912,1120,Tania Saulnier,0.0,alien|b movie|sex|slug|small town,http://www.imdb.com/title/tt0439815/?ref_=fn_tt_tt_1,352.0,English,Canada,R,15500000.0,2006.0,298.0,6.5,1.85,0,-7725270.0,Negative
2622,Color,Stephen Frears,280.0,94.0,350.0,39.0,Sylvia Syms,326.0,56437947.0,Biography|Drama,Roger Allam,The Queen ,85333,486,Alex Jennings,0.0,monarchy|prime minister|princess diana|queen|speech,http://www.imdb.com/title/tt0436697/?ref_=fn_tt_tt_1,421.0,English,UK,PG-13,9800000.0,2006.0,48.0,7.3,1.85,0,46637947.0,Positive
2627,Color,Simon West,152.0,87.0,165.0,383.0,Tessa Thompson,1000.0,47860214.0,Horror|Thriller,Madeline Carroll,When a Stranger Calls ,34711,2452,Brian Geraghty,0.0,babysitting|cell phone|high school|nightmare|teenager,http://www.imdb.com/title/tt0455857/?ref_=fn_tt_tt_1,468.0,English,USA,PG-13,15000000.0,2006.0,431.0,5.0,2.35,0,32860214.0,Positive
2669,Color,Michael Mayer,46.0,95.0,15.0,461.0,Danny Pino,1000.0,20998709.0,Adventure|Drama|Family,Alison Lohman,Flicka ,6095,3845,Tim McGraw,0.0,father son relationship|horse|horse ranch|ranch|wild mustang,http://www.imdb.com/title/tt0434215/?ref_=fn_tt_tt_1,76.0,English,USA,PG,15000000.0,2006.0,786.0,6.2,2.35,1000,5998709.0,Positive
2673,Color,John Bonito,78.0,92.0,8.0,129.0,Firass Dirani,472.0,18843314.0,Action|Drama|Thriller,Kelly Carlson,The Marine ,27486,1045,Drew Powell,1.0,beating|marine|muscleman|tied up|tough guy,http://www.imdb.com/title/tt0419946/?ref_=fn_tt_tt_1,284.0,English,USA,PG-13,20000000.0,2006.0,239.0,4.7,1.85,0,-1156686.0,Negative
2688,Color,Bryan Barber,81.0,121.0,16.0,526.0,Faizon Love,907.0,12549485.0,Crime|Drama|Musical|Romance,Cicely Tyson,Idlewild ,4603,3633,Bobb'e J. Thompson,4.0,gangster|playing piano|song and dance|speakeasy|written and directed by cast member,http://www.imdb.com/title/tt0417225/?ref_=fn_tt_tt_1,91.0,English,USA,R,15000000.0,2006.0,585.0,6.2,2.35,489,-2450515.0,Negative
2704, Black and White,Craig Brewer,197.0,116.0,153.0,539.0,Michael Raymond-James,3000.0,9396487.0,Drama|Music,Justin Timberlake,Black Snake Moan ,52421,5012,S. Epatha Merkerson,0.0,breasts|nipples visible through clothing|nudity|rear entry sex|white panties,http://www.imdb.com/title/tt0462200/?ref_=fn_tt_tt_1,200.0,English,USA,R,15000000.0,2006.0,788.0,7.0,2.35,0,-5603513.0,Negative
2711,Color,Wil Shriner,49.0,91.0,6.0,596.0,Neil Flynn,8000.0,8080116.0,Adventure|Comedy|Family,Logan Lerman,Hoot ,6562,10732,Tim Blake Nelson,0.0,fight|florida|montana|owl|school,http://www.imdb.com/title/tt0453494/?ref_=fn_tt_tt_1,66.0,English,USA,PG,15000000.0,2006.0,625.0,5.6,1.85,647,-6919884.0,Negative
2799,Color,Emilio Estevez,195.0,112.0,0.0,383.0,Nick Cannon,12000.0,11204499.0,Drama|History,Anthony Hopkins,Bobby ,38142,13528,Brian Geraghty,0.0,campaign|chess|friend|hotel|senator,http://www.imdb.com/title/tt0308055/?ref_=fn_tt_tt_1,270.0,English,USA,R,14000000.0,2006.0,593.0,7.0,2.35,0,-2795501.0,Negative
2803,Color,Todd Field,251.0,137.0,143.0,280.0,Noah Emmerich,14000.0,5459824.0,Drama|Romance,Kate Winslet,Little Children ,92781,15337,Jane Adams,0.0,adulterous wife|bar|dysfunctional marriage|sex offender|suburb,http://www.imdb.com/title/tt0404203/?ref_=fn_tt_tt_1,320.0,English,USA,R,26000000.0,2006.0,617.0,7.6,2.35,5000,-20540176.0,Negative
2806,Color,Phillip Noyce,108.0,98.0,176.0,15.0,Terry Pheto,543.0,4291965.0,Biography|Drama|History,Derek Luke,Catch a Fire ,9334,678,Bonnie Henna,3.0,attack|coach|colonel|jail|oil refinery,http://www.imdb.com/title/tt0437232/?ref_=fn_tt_tt_1,59.0,English,France,PG-13,14000000.0,2006.0,113.0,6.7,2.35,447,-9708035.0,Negative
2863,Color,Clint Eastwood,251.0,141.0,16000.0,78.0,Kazunari Ninomiya,378.0,13753931.0,Drama|History|War,Yuki Matsuzaki,Letters from Iwo Jima ,132149,751,Shidô Nakamura,0.0,blood splatter|general|island|japan|world war two,http://www.imdb.com/title/tt0498380/?ref_=fn_tt_tt_1,316.0,Japanese,USA,R,19000000.0,2006.0,85.0,7.9,2.35,5000,-5246069.0,Negative
2864,Color,Michael Polish,113.0,104.0,35.0,844.0,Virginia Madsen,24000.0,10996440.0,Adventure|Drama|Sci-Fi,J.K. Simmons,The Astronaut Farmer ,19707,27806,Bruce Dern,0.0,bank|fbi|fuel|rocket|space travel,http://www.imdb.com/title/tt0469263/?ref_=fn_tt_tt_1,128.0,English,USA,PG,13000000.0,2006.0,912.0,6.3,2.35,862,-2003560.0,Negative
2876,Color,Olivier Assayas,165.0,120.0,107.0,280.0,Miranda Richardson,12000.0,4857376.0,Comedy|Drama|Romance,Steve Buscemi,"Paris, je t'aime ",63084,13208,Catalina Sandino Moreno,0.0,baby|divorce|oscar wilde|pigalle|tourist,http://www.imdb.com/title/tt0401711/?ref_=fn_tt_tt_1,123.0,French,France,R,13000000.0,2006.0,530.0,7.3,1.85,0,-8142624.0,Negative
2883,Color,Sidney Lumet,94.0,125.0,0.0,968.0,Vin Diesel,22000.0,1172769.0,Biography|Comedy|Crime|Drama,Peter Dinklage,Find Me Guilty ,28068,37606,Alex Rocco,2.0,court|drugs|judge|mafia|mobster,http://www.imdb.com/title/tt0419749/?ref_=fn_tt_tt_1,108.0,English,Germany,R,13000000.0,2006.0,14000.0,7.1,1.85,0,-11827231.0,Negative
2886,Color,Douglas McGrath,129.0,118.0,41.0,442.0,Isabella Rossellini,2000.0,1150403.0,Biography|Crime|Drama,Toby Jones,Infamous ,14143,3474,Hope Davis,4.0,blood|book|cold calculation|murder|writer,http://www.imdb.com/title/tt0420609/?ref_=fn_tt_tt_1,102.0,English,USA,R,13000000.0,2006.0,812.0,7.1,1.85,0,-11849597.0,Negative
2928,Color,Anne Fletcher,107.0,104.0,98.0,920.0,Alyson Stoner,17000.0,65269010.0,Crime|Drama|Music|Romance,Channing Tatum,Step Up ,90938,21380,Josh Henderson,0.0,dance|dancer|school|showcase|student,http://www.imdb.com/title/tt0462590/?ref_=fn_tt_tt_1,271.0,English,USA,PG-13,12000000.0,2006.0,2000.0,6.5,2.35,0,53269010.0,Positive
2944, Black and White,Martin Campbell,400.0,144.0,258.0,834.0,Tobias Menzies,6000.0,167007184.0,Action|Adventure|Thriller,Eva Green,Casino Royale ,470501,9125,Ivana Milicevic,1.0,casino|espionage|free running|james bond|terrorist,http://www.imdb.com/title/tt0381061/?ref_=fn_tt_tt_1,2301.0,English,UK,PG-13,150000000.0,2006.0,1000.0,8.0,2.35,0,17007184.0,Positive
2956,Color,Elizabeth Allen Rosenbaum,66.0,104.0,20.0,717.0,Joanna 'JoJo' Levesque,836.0,18595716.0,Comedy|Family|Fantasy|Romance,Tammin Sursok,Aquamarine ,30462,3963,Dichen Lachman,3.0,beach|love|mermaid|storm|swimming,http://www.imdb.com/title/tt0429591/?ref_=fn_tt_tt_1,150.0,English,USA,PG,12000000.0,2006.0,826.0,5.3,1.85,0,6595716.0,Positive
2963,Color,Mark Neveldine,170.0,93.0,83.0,501.0,Edi Gathegi,26000.0,27829874.0,Action|Crime|Thriller,Jason Statham,Crank ,196422,28767,Jose Pablo Cantillo,1.0,assassin|cult film|doctor|heart|poison,http://www.imdb.com/title/tt0479884/?ref_=fn_tt_tt_1,444.0,English,USA,R,12000000.0,2006.0,725.0,7.0,1.78,0,15829874.0,Positive
2980,Color,Christopher Guest,144.0,86.0,378.0,783.0,Catherine O'Hara,957.0,5542025.0,Comedy,John Michael Higgins,For Your Consideration ,12197,3535,Ed Begley Jr.,0.0,actor|internet|make up|publicist|purim,http://www.imdb.com/title/tt0470765/?ref_=fn_tt_tt_1,150.0,English,USA,PG-13,12000000.0,2006.0,925.0,6.3,1.85,650,-6457975.0,Negative
2982,Color,Ryan Murphy,132.0,122.0,708.0,316.0,Joseph Cross,433.0,6754898.0,Comedy|Drama,Jill Clayburgh,Running with Scissors ,20000,1291,Dagmara Dominczyk,0.0,alcoholic|fame|therapist|writer|writing,http://www.imdb.com/title/tt0439289/?ref_=fn_tt_tt_1,188.0,English,USA,R,12000000.0,2006.0,398.0,6.2,2.35,0,-5245102.0,Negative
2988,Color,Joon-ho Bong,363.0,110.0,584.0,74.0,Kang-ho Song,629.0,2201412.0,Comedy|Drama|Horror|Sci-Fi,Doona Bae,The Host ,68883,1173,Ah-sung Ko,0.0,daughter|han river|monster|river|seoul,http://www.imdb.com/title/tt0468492/?ref_=fn_tt_tt_1,279.0,Korean,South Korea,R,12215500000.0,2006.0,398.0,7.0,1.85,7000,-12213298588.0,Negative
3068,Color,Agnieszka Holland,78.0,104.0,238.0,22.0,David Kennedy,60.0,352786.0,Biography|Drama|Music,Phyllida Law,Copying Beethoven ,11132,150,Angus Barnett,0.0,music copyist|music student|musical composition|student|symphony,http://www.imdb.com/title/tt0424908/?ref_=fn_tt_tt_1,86.0,English,USA,PG-13,11000000.0,2006.0,35.0,6.8,2.35,0,-10647214.0,Negative
3074,Color,Ray Lawrence,75.0,118.0,10.0,48.0,Deborra-Lee Furness,172.0,399879.0,Crime|Drama|Mystery|Thriller,John Howard,Jindabyne ,5772,378,Max Cullen,2.0,camp|fishing|fishing trip|river|town,http://www.imdb.com/title/tt0382765/?ref_=fn_tt_tt_1,115.0,English,Australia,R,15000000.0,2006.0,71.0,6.4,2.35,302,-14600121.0,Negative
3075,Color,Karan Johar,20.0,193.0,160.0,860.0,John Abraham,8000.0,3275443.0,Drama,Shah Rukh Khan,Kabhi Alvida Naa Kehna ,13998,10822,Preity Zinta,2.0,extramarital affair|fashion magazine editor|marriage|new york|teacher,http://www.imdb.com/title/tt0449999/?ref_=fn_tt_tt_1,264.0,Hindi,India,R,700000000.0,2006.0,1000.0,6.0,2.35,659,-696724557.0,Negative
3091,Color,Darren Lynn Bousman,210.0,121.0,163.0,482.0,Shawnee Smith,723.0,80150343.0,Horror|Mystery,Costas Mandylor,Saw III ,142115,3189,Leigh Whannell,0.0,brutality|female full frontal nudity|female nudity|torture|trap,http://www.imdb.com/title/tt0489270/?ref_=fn_tt_tt_1,614.0,English,USA,R,10000000.0,2006.0,651.0,6.2,1.85,0,70150343.0,Positive
3099,Color,Tyler Perry,46.0,107.0,0.0,685.0,Cicely Tyson,1000.0,63231524.0,Comedy|Drama|Romance,Boris Kodjoe,Madea's Family Reunion ,8962,5264,Blair Underwood,4.0,cross dressing|family reunion|madea series|reflective|sister sister relationship,http://www.imdb.com/title/tt0455612/?ref_=fn_tt_tt_1,137.0,English,USA,PG-13,6000000.0,2006.0,907.0,5.0,1.85,676,57231524.0,Positive
3126,Color,Greg Coolidge,85.0,103.0,27.0,534.0,Danny Woodburn,1000.0,28435406.0,Comedy|Romance,Dane Cook,Employee of the Month ,37681,4441,Jessica Simpson,2.0,competition|date|employee|laser in eyes|slacker,http://www.imdb.com/title/tt0424993/?ref_=fn_tt_tt_1,151.0,English,USA,PG-13,12000000.0,2006.0,809.0,5.5,1.85,0,16435406.0,Positive
3135,Color,Robert Altman,211.0,105.0,500.0,718.0,Virginia Madsen,11000.0,20338609.0,Comedy|Drama|Music,Meryl Streep,A Prairie Home Companion ,19655,12946,Lily Tomlin,8.0,backstage|country music|cowboy|radio|singing,http://www.imdb.com/title/tt0420087/?ref_=fn_tt_tt_1,280.0,English,USA,PG-13,10000000.0,2006.0,912.0,6.8,2.35,683,10338609.0,Positive
3186,Color,Werner Herzog,198.0,120.0,0.0,294.0,Toby Huss,23000.0,5484375.0,Adventure|Biography|Drama|War,Christian Bale,Rescue Dawn ,84641,24270,François Chau,0.0,bombing|guard|jungle|laos|prisoner,http://www.imdb.com/title/tt0462504/?ref_=fn_tt_tt_1,205.0,English,USA,PG-13,10000000.0,2006.0,342.0,7.3,1.85,0,-4515625.0,Negative
3196,Color,Victor Salva,44.0,120.0,108.0,400.0,Tim DeKay,634.0,1055654.0,Drama|Romance|Sport,Scott Mechlowicz,Peaceful Warrior ,20426,2673,Agnes Bruckner,1.0,college|college athlete|comeback|gymnast|olympics,http://www.imdb.com/title/tt0438315/?ref_=fn_tt_tt_1,175.0,English,Germany,PG-13,10000000.0,2006.0,436.0,7.3,2.35,0,-8944346.0,Negative
3227,Color,Christopher Smith,200.0,90.0,76.0,345.0,Toby Stephens,798.0,136432.0,Comedy|Horror|Thriller,Danny Dyer,Severance ,31890,2217,Laura Harris,0.0,blood splatter|eastern europe|female nudity|pine forest|team building,http://www.imdb.com/title/tt0464196/?ref_=fn_tt_tt_1,194.0,English,UK,R,5000000.0,2006.0,769.0,6.6,1.85,0,-4863568.0,Negative
3294,Color,Glen Morgan,186.0,94.0,17.0,179.0,Crystal Lowe,607.0,16235293.0,Horror,Oliver Hudson,Black Christmas ,19918,1611,Andrea Martin,0.0,attic|christmas|house|incest|sorority,http://www.imdb.com/title/tt0454082/?ref_=fn_tt_tt_1,278.0,English,USA,R,9000000.0,2006.0,318.0,4.5,2.35,0,7235293.0,Positive
3316,Color,Peter Cattaneo,24.0,86.0,11.0,18.0,Vince Colosimo,185.0,13751.0,Drama|Family,Jacqueline McKenzie,Opal Dream ,813,299,Peter Callan,0.0,friend|girl|imaginary friend|outback|town,http://www.imdb.com/title/tt0420835/?ref_=fn_tt_tt_1,6.0,English,Australia,PG,11400000.0,2006.0,62.0,6.6,1.85,135,-11386249.0,Negative
3361,Color,Jonathan Dayton,270.0,101.0,36.0,27.0,Steven Christopher Parker,7000.0,59889948.0,Comedy|Drama,Steve Carell,Little Miss Sunshine ,355810,7227,Jill Talley,1.0,gay|graduate student|sister sister relationship|sprite|uncle nephew relationship,http://www.imdb.com/title/tt0449059/?ref_=fn_tt_tt_1,889.0,English,USA,R,8000000.0,2006.0,150.0,7.9,2.35,15000,51889948.0,Positive
3415, Black and White,Andrew Currie,140.0,93.0,8.0,33.0,Henry Czerny,553.0,298110.0,Comedy|Drama|Horror|Sci-Fi,Alexia Fast,Fido ,25055,786,Kesun Loder,1.0,decapitation|neighbor|neighborhood|next door neighbor|zombie,http://www.imdb.com/title/tt0457572/?ref_=fn_tt_tt_1,98.0,English,Canada,R,8000000.0,2006.0,177.0,6.8,2.35,0,-7701890.0,Negative
3420,Color,Robert Moresco,26.0,107.0,53.0,463.0,Brad Renfro,954.0,53481.0,Crime|Drama|Thriller,Brian Dennehy,10th & Wolf ,5557,2512,Dash Mihok,5.0,desert storm|fbi|fbi agent|fragmentation grenade|woman kills attacker,http://www.imdb.com/title/tt0360323/?ref_=fn_tt_tt_1,34.0,English,USA,R,8000000.0,2006.0,551.0,6.4,2.35,294,-7946519.0,Negative
3515,Color,George Hickenlooper,117.0,99.0,60.0,628.0,Jimmy Fallon,4000.0,1654367.0,Biography|Drama,Hayden Christensen,Factory Girl ,18355,6526,Beth Grant,0.0,andy warhol|female nudity|public nudity|singer|socialite,http://www.imdb.com/title/tt0432402/?ref_=fn_tt_tt_1,106.0,English,USA,R,7000000.0,2006.0,787.0,6.4,1.85,3000,-5345633.0,Negative
3562,Color,Nicole Holofcener,111.0,88.0,132.0,180.0,Marin Hinkle,435.0,13367101.0,Comedy|Drama|Romance,Greg Germann,Friends with Money ,19715,1140,Jake Cherry,2.0,friend|friendship|marital problem|money problems|nervous breakdown,http://www.imdb.com/title/tt0436331/?ref_=fn_tt_tt_1,166.0,English,USA,R,6500000.0,2006.0,230.0,5.9,2.35,515,6867101.0,Positive
3607,Color,Kevin Macdonald,252.0,121.0,162.0,25.0,Simon McBurney,1000.0,17605861.0,Biography|Drama|History|Thriller,David Oyelowo,The Last King of Scotland ,145580,1184,Abby Mukiibi Nkaaga,1.0,1970s|assassination|doctor|scottish|ugandan,http://www.imdb.com/title/tt0455590/?ref_=fn_tt_tt_1,351.0,English,UK,R,6000000.0,2006.0,149.0,7.7,2.35,0,11605861.0,Positive
3639,Color,Joey Lauren Adams,36.0,97.0,781.0,90.0,Diane Ladd,596.0,117560.0,Drama|Romance,Tim Blake Nelson,Come Early Morning ,2330,1081,Ritchie Montgomery,0.0,church|drink|knocking on a door|love|three word title,http://www.imdb.com/title/tt0457308/?ref_=fn_tt_tt_1,29.0,English,USA,R,6000000.0,2006.0,206.0,6.2,1.85,224,-5882440.0,Negative
3664,Color,Preston A. Whitmore II,25.0,95.0,17.0,255.0,Wayne Brady,592.0,7009668.0,Action|Sport,Wesley Jonathan,Crossover ,8707,2000,Eva Marcille,6.0,african american|basketball|basketball movie|critically bashed|tv commercial,http://www.imdb.com/title/tt0473024/?ref_=fn_tt_tt_1,36.0,English,USA,PG-13,5600000.0,2006.0,378.0,2.1,1.85,244,1409668.0,Positive
3718, Black and White,Kevin Smith,174.0,97.0,0.0,657.0,Jason Mewes,1000.0,24138847.0,Comedy,Ethan Suplee,Clerks II ,114797,2990,Brian O'Halloran,3.0,fast food|fast food restaurant|new jersey|quick stop|restaurant,http://www.imdb.com/title/tt0424345/?ref_=fn_tt_tt_1,472.0,English,USA,R,5000000.0,2006.0,898.0,7.4,1.85,0,19138847.0,Positive
3819,Color,Jirí Menzel,99.0,113.0,44.0,4.0,Ivan Barnev,61.0,617228.0,Comedy|Drama|Romance|War,Julia Jentsch,I Served the King of England ,6183,92,Milan Lasica,1.0,hotel|legs|lingerie|waiter|wealth,http://www.imdb.com/title/tt0284363/?ref_=fn_tt_tt_1,27.0,Czech,Czech Republic,R,84450000.0,2006.0,12.0,7.4,1.85,1000,-83832772.0,Negative
3862,Color,Johnnie To,98.0,110.0,143.0,76.0,Anthony Chau-Sang Wong,155.0,49413.0,Action|Crime|Thriller,Simon Yam,Exiled ,6919,398,Josie Ho,0.0,baby|friendship|macau|practical joke|selfie,http://www.imdb.com/title/tt0796212/?ref_=fn_tt_tt_1,26.0,Cantonese,Hong Kong,R,35000000.0,2006.0,96.0,7.3,2.35,528,-34950587.0,Negative
3907,Color,Woody Allen,177.0,96.0,11000.0,405.0,Kevin McNally,19000.0,10515579.0,Comedy|Crime|Mystery,Scarlett Johansson,Scoop ,66840,20132,Geoff Bell,0.0,english garden|fake drowning|fake parent|musical instrument|poker the card game,http://www.imdb.com/title/tt0457513/?ref_=fn_tt_tt_1,248.0,English,UK,PG-13,4000000.0,2006.0,427.0,6.7,1.85,0,6515579.0,Positive
3913,Color,Patrick Stettner,125.0,81.0,5.0,710.0,Joe Morton,49000.0,7825820.0,Crime|Mystery|Thriller,Robin Williams,The Night Listener ,13086,50831,Rory Culkin,0.0,boy|radio show|social worker|telephone|wisconsin,http://www.imdb.com/title/tt0448075/?ref_=fn_tt_tt_1,156.0,English,USA,R,4000000.0,2006.0,780.0,5.9,1.85,576,3825820.0,Positive
3980,Color,Nicholas Hytner,112.0,109.0,13.0,480.0,Russell Tovey,3000.0,2706659.0,Comedy|Drama,Dominic Cooper,The History Boys ,17770,5977,James Corden,0.0,gay|headmaster|oxford|school|teacher,http://www.imdb.com/title/tt0464049/?ref_=fn_tt_tt_1,172.0,English,UK,R,2000000.0,2006.0,796.0,6.9,1.85,0,706659.0,Positive
4008,Color,Robert Cary,30.0,101.0,0.0,681.0,Fred Willard,827.0,220234.0,Comedy|Romance,Frances Conroy,Ira & Abby ,1950,3574,Kevin Sussman,3.0,erectile dysfunction|mugger|mugging|subway robbery|therapy,http://www.imdb.com/title/tt0480251/?ref_=fn_tt_tt_1,24.0,English,USA,R,3500000.0,2006.0,729.0,6.5,1.85,360,-3279766.0,Negative
4035,Color,Alejandro Monteverde,60.0,91.0,38.0,377.0,Ramon Rodriguez,625.0,8108247.0,Drama|Romance,Armando Riesco,Bella ,9607,2747,Eduardo Verástegui,0.0,inter cultural|latino|restaurant|soccer|train,http://www.imdb.com/title/tt0482463/?ref_=fn_tt_tt_1,174.0,English,USA,PG-13,3300000.0,2006.0,464.0,7.4,1.85,0,4808247.0,Positive
4081,Color,Nnegest Likké,37.0,99.0,18.0,233.0,Jimmy Jean-Louis,939.0,7059537.0,Comedy,Mo'Nique,Phat Girlz ,8279,2321,Joyful Drake,0.0,female protagonist|size positive|thin|title directed by female|wet dream,http://www.imdb.com/title/tt0490196/?ref_=fn_tt_tt_1,101.0,English,USA,PG-13,3000000.0,2006.0,407.0,3.0,1.85,837,4059537.0,Positive
4203,Color,Michael D. Sellers,18.0,100.0,0.0,249.0,Carly Schroeder,640.0,71904.0,Comedy|Drama|Family,Katharine Ross,Eye of the Dolphin ,806,1491,George Harris,1.0,dolphin|island|research|tourist|town,http://www.imdb.com/title/tt0465407/?ref_=fn_tt_tt_1,18.0,English,USA,PG-13,2500000.0,2006.0,261.0,5.7,1.85,140,-2428096.0,Negative
4213,Color,Robby Henson,25.0,101.0,9.0,201.0,Max Ryan,973.0,978908.0,Drama|Horror|Mystery|Thriller,Marc Blucas,Thr3e ,4057,2306,Justine Waddell,0.0,bound with duct tape|flash forward|number|riddle|stalking,http://www.imdb.com/title/tt0486028/?ref_=fn_tt_tt_1,90.0,English,Poland,PG-13,2400000.0,2006.0,872.0,5.1,2.35,250,-1421092.0,Negative
4216,Color,Shane Meadows,172.0,101.0,222.0,698.0,Joseph Gilgun,1000.0,327919.0,Crime|Drama,Stephen Graham,This Is England ,99177,3282,Jack O'Connell,0.0,england|racism|racist|skinhead|violence,http://www.imdb.com/title/tt0480025/?ref_=fn_tt_tt_1,192.0,English,UK,Unrated,1500000.0,2006.0,788.0,7.7,1.85,11000,-1172081.0,Negative
4259,Color,Florian Henckel von Donnersmarck,215.0,137.0,207.0,155.0,Ulrich Mühe,380.0,11284657.0,Drama|Thriller,Sebastian Koch,The Lives of Others ,259379,927,Martina Gedeck,3.0,east germany|police|secret police|stasi|writer,http://www.imdb.com/title/tt0405094/?ref_=fn_tt_tt_1,407.0,German,Germany,R,2000000.0,2006.0,284.0,8.5,2.35,39000,9284657.0,Positive
4283,Color,John Cameron Mitchell,160.0,101.0,263.0,37.0,Peter Stickles,71.0,1984378.0,Comedy|Drama|Romance,Sook-Yin Lee,Shortbus ,27346,226,Raphael Barker,3.0,controversy|ejaculation|male frontal nudity|oral sex|unsimulated sex,http://www.imdb.com/title/tt0367027/?ref_=fn_tt_tt_1,206.0,English,USA,Unrated,2000000.0,2006.0,51.0,6.5,1.78,0,-15622.0,Negative
4312,Color,Laurie Collyer,78.0,96.0,38.0,85.0,Kate Burton,363.0,198407.0,Drama,Brad William Henke,Sherrybaby ,10282,774,Michelle Hurst,1.0,ex convict|halfway house|nipples visible through clothing|orgasm|parole officer,http://www.imdb.com/title/tt0423169/?ref_=fn_tt_tt_1,78.0,English,USA,R,2000000.0,2006.0,223.0,6.6,1.85,474,-1801593.0,Negative
4349,Color,Pascal Arnold,14.0,95.0,0.0,164.0,Lizzie Brocheré,533.0,18435.0,Drama,Karl E. Landler,One to Another ,1010,1082,Pierre Perrier,5.0,fellatio|female frontal nudity|male frontal nudity|nude sunbathing|orgy,http://www.imdb.com/title/tt0486751/?ref_=fn_tt_tt_1,15.0,French,France,Unrated,1400000.0,2006.0,323.0,5.8,1.85,104,-1381565.0,Negative
4424,Color,Jeff Garlin,32.0,80.0,522.0,423.0,Jeff Garlin,813.0,194568.0,Comedy|Romance,Jessy Schram,I Want Someone to Eat Cheese With ,2963,2179,Joey Slotnick,0.0,cheese|city|ice cream|school|second city,http://www.imdb.com/title/tt0391229/?ref_=fn_tt_tt_1,28.0,English,USA,R,1500000.0,2006.0,522.0,6.2,1.85,0,-1305432.0,Negative
4463,Color,Ham Tran,15.0,135.0,5.0,5.0,Kieu Chinh,51.0,638951.0,Drama,Long Nguyen,Journey from the Fall ,775,83,Cat Ly,2.0,1970s|1980s|nonlinear timeline|rescue|vietnam war,http://www.imdb.com/title/tt0433398/?ref_=fn_tt_tt_1,19.0,Vietnamese,USA,R,1592000.0,2006.0,24.0,7.4,1.85,100,-953049.0,Negative
4493,Color,Paul McGuigan,202.0,110.0,118.0,1000.0,Morgan Freeman,13000.0,22494487.0,Crime|Drama|Mystery|Thriller,Bruce Willis,Lucky Number Slevin ,262160,26451,Dorian Missick,3.0,coroner|death|gay son|love|mistaken identity,http://www.imdb.com/title/tt0425210/?ref_=fn_tt_tt_1,507.0,English,Germany,R,27000000.0,2006.0,11000.0,7.8,2.35,10000,-4505513.0,Negative
4566,Color,Chris Paine,87.0,92.0,2.0,5.0,Phyllis Diller,783.0,1677838.0,Documentary,Ed Begley Jr.,Who Killed the Electric Car? ,11283,1447,Colette Divine,0.0,california|car|reference to ralph nader|technology|u.s. president,http://www.imdb.com/title/tt0489037/?ref_=fn_tt_tt_1,155.0,English,USA,PG,1000000.0,2006.0,659.0,7.7,1.75,0,677838.0,Positive
4581,Color,Goran Dukic,117.0,88.0,21.0,772.0,Patrick Fugit,1000.0,104077.0,Comedy|Drama|Fantasy|Romance,Leslie Bibb,Wristcutters: A Love Story ,46076,4720,Chase Ellison,2.0,afterlife|camping|death|hitchhiker|suicide,http://www.imdb.com/title/tt0477139/?ref_=fn_tt_tt_1,88.0,English,USA,R,1000000.0,2006.0,835.0,7.4,1.78,11000,-895923.0,Negative
4587,Color,Paul Crowder,40.0,97.0,10.0,5.0,Marv Albert,102.0,144431.0,Documentary|Sport,Pelé,Once in a Lifetime: The Extraordinary Story of the New York Cosmos ,1290,118,Ahmet Ertegun,0.0,new york|new york cosmos|professional sports|soccer|soccer team,http://www.imdb.com/title/tt0489247/?ref_=fn_tt_tt_1,13.0,English,UK,PG-13,1000000.0,2006.0,7.0,7.3,1.85,587,-855569.0,Negative
4601, Black and White,Eric Nicholas,71.0,78.0,0.0,61.0,Ana Claudia Talancón,262.0,10018.0,Crime|Drama|Thriller,Jordana Spiro,Alone with Her ,3228,509,Jonathon Trent,0.0,female nudity|female pubic hair|masturbation|panties|pubic hair,http://www.imdb.com/title/tt0472259/?ref_=fn_tt_tt_1,31.0,English,USA,Not Rated,1000000.0,2006.0,163.0,6.1,1.85,244,-989982.0,Negative
4603,Color,Hal Haberman,56.0,81.0,0.0,394.0,Paul Blackthorne,975.0,6387.0,Comedy|Drama|Sci-Fi,Michael Rapaport,Special ,4862,2694,Ian Bohen,0.0,dream sequence|locked in a room|looking at self in mirror|medication|superhero,http://www.imdb.com/title/tt0479162/?ref_=fn_tt_tt_1,37.0,English,USA,R,1000000.0,2006.0,645.0,6.9,1.85,0,-993613.0,Negative
4606,Color,Brian Trenchard-Smith,8.0,88.0,53.0,176.0,Mariel Hemingway,563.0,721.0,Action|Drama,David Keith,In Her Line of Fire ,783,1284,Jesse Hutch,2.0,camp|die hard scenario|female protagonist|island|vice president,http://www.imdb.com/title/tt0487156/?ref_=fn_tt_tt_1,12.0,English,Germany,R,1000000.0,2006.0,288.0,4.1,1.85,42,-999279.0,Negative
4696,Color,Ryan Fleck,208.0,106.0,31.0,71.0,Tristan Mack Wilds,33000.0,2694973.0,Drama,Ryan Gosling,Half Nelson ,70885,33734,Jeff Lima,2.0,bathroom|classroom|dialectics|drugs|student,http://www.imdb.com/title/tt0468489/?ref_=fn_tt_tt_1,189.0,English,USA,R,700000.0,2006.0,519.0,7.2,1.85,0,1994973.0,Positive
4784,Color,Lloyd Kaufman,88.0,103.0,365.0,49.0,Lloyd Kaufman,907.0,23000.0,Comedy|Horror|Musical,John Karyus,Poultrygeist: Night of the Chicken Dead ,5931,1411,Kate Graham,0.0,castration|chicken|fast food|indian burial ground|protest,http://www.imdb.com/title/tt0462485/?ref_=fn_tt_tt_1,58.0,English,USA,Unrated,500000.0,2006.0,365.0,6.2,1.85,0,-477000.0,Negative
4796,Color,Richard Glatzer,69.0,90.0,25.0,138.0,Jesse Garcia,231.0,1689999.0,Drama,Emily Rios,Quinceañera ,3675,771,Alicia Sixtos,1.0,15th birthday|birthday|gay|party|security guard,http://www.imdb.com/title/tt0451176/?ref_=fn_tt_tt_1,48.0,Spanish,USA,R,400000.0,2006.0,200.0,7.1,2.35,426,1289999.0,Positive
4832,Color,Kelly Reichardt,88.0,76.0,129.0,26.0,Lucy,52.0,255352.0,Drama,Daniel London,Old Joy ,4423,132,Will Oldham,2.0,cell phone|male frontal nudity|oregon|sexual ambiguity|title directed by female,http://www.imdb.com/title/tt0468526/?ref_=fn_tt_tt_1,57.0,English,USA,Unrated,300000.0,2006.0,44.0,6.7,1.66,594,-44648.0,Negative
4915,Color,Ricki Stern,11.0,106.0,15.0,0.0,Evelyn Jefferson,2.0,1111.0,Crime|Documentary,Darryl Hunt,The Trials of Darryl Hunt ,771,2,John Reeves,0.0,false accusation|murder|north carolina|trial|wrongful conviction,http://www.imdb.com/title/tt0446055/?ref_=fn_tt_tt_1,10.0,English,USA,PG-13,200000.0,2006.0,0.0,7.7,1.66,246,-198889.0,Negative
4955,Color,Alex Kendrick,31.0,111.0,589.0,51.0,Erin Bethea,589.0,10174663.0,Drama|Sport,Alex Kendrick,Facing the Giants ,12399,916,Shannen Fields,0.0,christian|coach|faith|football|football team,http://www.imdb.com/title/tt0805526/?ref_=fn_tt_tt_1,382.0,English,USA,PG,100000.0,2006.0,150.0,6.7,1.85,0,10074663.0,Positive
